journey_date,train_number,section_number,from_station,from_code,to_station,to_code,scheduled_departure,scheduled_arrival,actual_departure,actual_arrival,scheduled_running_time_min,actual_running_time_min,section_delay_min,departure_delay_min,arrival_delay_min,delay_change_min,recovery_min
2026-07-30,12705,1,Guntur Jn,GNT,Mangalagiri,MAG,2026-07-30 15:35:00+05:30,2026-07-30 15:56:00+05:30,2026-07-30 15:42:20+05:30,2026-07-30 15:57:58+05:30,21.0,15.633333333333333,-5.366666666666667,8.0,1.0,-7.0,7.0
2026-07-30,12705,2,Mangalagiri,MAG,Vijayawada Jn,BZA,2026-07-30 15:57:00+05:30,2026-07-30 16:20:00+05:30,2026-07-30 16:04:43+05:30,2026-07-30 16:21:08+05:30,23.0,16.416666666666668,-6.583333333333332,6.0,3.0,-3.0,3.0
2026-07-30,12705,3,Vijayawada Jn,BZA,Madhira,MDR,2026-07-30 16:25:00+05:30,2026-07-30 17:14:00+05:30,,2026-07-30 17:18:13+05:30,49.0,,,,2.0,,
2026-07-30,12705,4,Madhira,MDR,Khammam,KMT,2026-07-30 17:15:00+05:30,2026-07-30 17:49:00+05:30,2026-07-30 17:21:15+05:30,2026-07-30 18:07:11+05:30,34.0,45.93333333333333,11.93333333333333,8.0,20.0,12.0,0.0
2026-07-30,12705,5,Khammam,KMT,Dornakal Jn,DKJ,2026-07-30 17:50:00+05:30,2026-07-30 18:09:00+05:30,2026-07-30 18:17:27+05:30,2026-07-30 18:33:41+05:30,19.0,16.233333333333334,-2.7666666666666657,25.0,24.0,-1.0,1.0
2026-07-30,12705,6,Dornakal Jn,DKJ,Mahbubabad,MABD,2026-07-30 18:10:00+05:30,2026-07-30 18:29:00+05:30,2026-07-30 18:40:59+05:30,2026-07-30 18:57:10+05:30,19.0,16.183333333333334,-2.8166666666666664,29.0,26.0,-3.0,3.0
2026-07-30,12705,7,Mahbubabad,MABD,Nekonda,NKD,2026-07-30 18:30:00+05:30,2026-07-30 18:54:00+05:30,2026-07-30 18:59:26+05:30,2026-07-30 19:22:25+05:30,24.0,22.983333333333334,-1.0166666666666657,29.0,26.0,-3.0,3.0
2026-07-30,12705,8,Nekonda,NKD,Warangal,WL,2026-07-30 18:55:00+05:30,2026-07-30 19:28:00+05:30,2026-07-30 19:25:53+05:30,2026-07-30 19:47:01+05:30,33.0,21.133333333333333,-11.866666666666667,31.0,19.0,-12.0,12.0
2026-07-30,12705,9,Warangal,WL,Kazipet Jn,KZJ,2026-07-30 19:30:00+05:30,2026-07-30 19:48:00+05:30,2026-07-30 20:01:43+05:30,2026-07-30 20:09:09+05:30,18.0,7.433333333333334,-10.566666666666666,30.0,23.0,-7.0,7.0
2026-07-30,12705,10,Kazipet Jn,KZJ,Ghanpur,GNP,2026-07-30 19:50:00+05:30,2026-07-30 20:19:00+05:30,2026-07-30 20:17:21+05:30,2026-07-30 20:36:03+05:30,29.0,18.7,-10.3,28.0,16.0,-12.0,12.0
2026-07-30,12705,11,Ghanpur,GNP,Jangaon,ZN,2026-07-30 20:20:00+05:30,2026-07-30 20:39:00+05:30,2026-07-30 20:38:59+05:30,2026-07-30 21:03:30+05:30,19.0,24.516666666666666,5.516666666666666,19.0,24.0,5.0,0.0
2026-07-30,12705,12,Jangaon,ZN,Aler,ALER,2026-07-30 20:40:00+05:30,2026-07-30 20:54:00+05:30,2026-07-30 21:09:17+05:30,2026-07-30 21:22:41+05:30,14.0,13.4,-0.5999999999999996,27.0,28.0,1.0,0.0
2026-07-30,12705,13,Aler,ALER,Bhongir,BG,2026-07-30 20:55:00+05:30,2026-07-30 21:14:00+05:30,2026-07-30 21:25:40+05:30,2026-07-30 21:45:37+05:30,19.0,19.95,0.9499999999999993,32.0,34.0,2.0,0.0
2026-07-30,12705,14,Bhongir,BG,Charlapalli,CHZ,2026-07-30 21:15:00+05:30,2026-07-30 21:44:00+05:30,2026-07-30 21:52:00+05:30,2026-07-30 22:31:54+05:30,29.0,39.9,10.899999999999999,38.0,48.0,10.0,0.0
2026-07-30,12705,15,Charlapalli,CHZ,Secunderabad Jn,SC,2026-07-30 21:45:00+05:30,2026-07-30 22:28:00+05:30,2026-07-30 22:42:53+05:30,2026-07-30 23:08:10+05:30,43.0,25.283333333333335,-17.716666666666665,57.0,40.0,-17.0,17.0
2026-07-31,12705,1,Guntur Jn,GNT,Mangalagiri,MAG,2026-07-31 15:35:00+05:30,2026-07-31 15:56:00+05:30,2026-07-31 16:20:02+05:30,2026-07-31 16:32:38+05:30,21.0,12.6,-8.4,45.0,39.0,-6.0,6.0
2026-07-31,12705,2,Mangalagiri,MAG,Vijayawada Jn,BZA,2026-07-31 15:57:00+05:30,2026-07-31 16:20:00+05:30,2026-07-31 16:40:38+05:30,2026-07-31 17:00:35+05:30,23.0,19.95,-3.0500000000000007,44.0,40.0,-4.0,4.0
2026-07-31,12705,3,Vijayawada Jn,BZA,Madhira,MDR,2026-07-31 16:25:00+05:30,2026-07-31 17:14:00+05:30,,2026-07-31 18:00:02+05:30,49.0,,,,45.0,,
2026-07-31,12705,4,Madhira,MDR,Khammam,KMT,2026-07-31 17:15:00+05:30,2026-07-31 17:49:00+05:30,2026-07-31 18:02:23+05:30,2026-07-31 18:36:20+05:30,34.0,33.95,-0.04999999999999716,49.0,47.0,-2.0,2.0
2026-07-31,12705,5,Khammam,KMT,Dornakal Jn,DKJ,2026-07-31 17:50:00+05:30,2026-07-31 18:09:00+05:30,2026-07-31 18:44:32+05:30,2026-07-31 19:01:30+05:30,19.0,16.966666666666665,-2.033333333333335,53.0,51.0,-2.0,2.0
2026-07-31,12705,6,Dornakal Jn,DKJ,Mahbubabad,MABD,2026-07-31 18:10:00+05:30,2026-07-31 18:29:00+05:30,2026-07-31 19:07:18+05:30,2026-07-31 19:20:58+05:30,19.0,13.666666666666666,-5.333333333333334,56.0,54.0,-2.0,2.0
2026-07-31,12705,7,Mahbubabad,MABD,Nekonda,NKD,2026-07-31 18:30:00+05:30,2026-07-31 18:54:00+05:30,2026-07-31 19:27:10+05:30,2026-07-31 19:45:04+05:30,24.0,17.9,-6.100000000000001,57.0,51.0,-6.0,6.0
2026-07-31,12705,8,Nekonda,NKD,Warangal,WL,2026-07-31 18:55:00+05:30,2026-07-31 19:28:00+05:30,2026-07-31 19:51:43+05:30,2026-07-31 20:17:31+05:30,33.0,25.8,-7.199999999999999,56.0,52.0,-4.0,4.0
2026-07-31,12705,9,Warangal,WL,Kazipet Jn,KZJ,2026-07-31 19:30:00+05:30,2026-07-31 19:48:00+05:30,2026-07-31 20:28:28+05:30,2026-07-31 20:40:14+05:30,18.0,11.766666666666667,-6.2333333333333325,56.0,51.0,-5.0,5.0
2026-07-31,12705,10,Kazipet Jn,KZJ,Ghanpur,GNP,2026-07-31 19:50:00+05:30,2026-07-31 20:19:00+05:30,2026-07-31 20:46:05+05:30,2026-07-31 21:02:14+05:30,29.0,16.15,-12.850000000000001,56.0,44.0,-12.0,12.0
2026-07-31,12705,11,Ghanpur,GNP,Jangaon,ZN,2026-07-31 20:20:00+05:30,2026-07-31 20:39:00+05:30,2026-07-31 21:05:34+05:30,2026-07-31 21:32:20+05:30,19.0,26.766666666666666,7.766666666666666,48.0,51.0,3.0,0.0
2026-07-31,12705,12,Jangaon,ZN,Aler,ALER,2026-07-31 20:40:00+05:30,2026-07-31 20:54:00+05:30,2026-07-31 21:37:08+05:30,2026-07-31 21:44:22+05:30,14.0,7.233333333333333,-6.766666666666667,56.0,51.0,-5.0,5.0
2026-07-31,12705,13,Aler,ALER,Bhongir,BG,2026-07-31 20:55:00+05:30,2026-07-31 21:14:00+05:30,2026-07-31 21:49:41+05:30,2026-07-31 22:11:02+05:30,19.0,21.35,2.3500000000000014,57.0,56.0,-1.0,1.0
2026-07-31,12705,14,Bhongir,BG,Charlapalli,CHZ,2026-07-31 21:15:00+05:30,2026-07-31 21:44:00+05:30,2026-07-31 22:16:56+05:30,2026-07-31 22:36:57+05:30,29.0,20.016666666666666,-8.983333333333334,60.0,55.0,-5.0,5.0
2026-07-31,12705,15,Charlapalli,CHZ,Secunderabad Jn,SC,2026-07-31 21:45:00+05:30,2026-07-31 22:28:00+05:30,2026-07-31 22:43:50+05:30,2026-07-31 23:08:04+05:30,43.0,24.233333333333334,-18.766666666666666,61.0,39.0,-22.0,22.0
2026-08-01,12705,1,Guntur Jn,GNT,Mangalagiri,MAG,2026-08-01 15:35:00+05:30,2026-08-01 15:56:00+05:30,,2026-08-01 15:55:40+05:30,21.0,,,,2.0,,
2026-08-01,12705,2,Mangalagiri,MAG,Vijayawada Jn,BZA,2026-08-01 15:57:00+05:30,2026-08-01 16:20:00+05:30,2026-08-01 16:03:28+05:30,2026-08-01 16:24:12+05:30,23.0,20.733333333333334,-2.2666666666666657,5.0,4.0,-1.0,1.0
2026-08-01,12705,3,Vijayawada Jn,BZA,Madhira,MDR,2026-08-01 16:25:00+05:30,2026-08-01 17:14:00+05:30,,2026-08-01 17:18:57+05:30,49.0,,,,4.0,,
2026-08-01,12705,4,Madhira,MDR,Khammam,KMT,2026-08-01 17:15:00+05:30,2026-08-01 17:49:00+05:30,2026-08-01 17:22:06+05:30,2026-08-01 17:58:16+05:30,34.0,36.166666666666664,2.1666666666666643,9.0,9.0,0.0,0.0
2026-08-01,12705,5,Khammam,KMT,Dornakal Jn,DKJ,2026-08-01 17:50:00+05:30,2026-08-01 18:09:00+05:30,2026-08-01 18:02:43+05:30,2026-08-01 18:21:40+05:30,19.0,18.95,-0.05000000000000071,15.0,12.0,-3.0,3.0
2026-08-01,12705,6,Dornakal Jn,DKJ,Mahbubabad,MABD,2026-08-01 18:10:00+05:30,2026-08-01 18:29:00+05:30,2026-08-01 18:23:46+05:30,2026-08-01 18:44:48+05:30,19.0,21.033333333333335,2.033333333333335,16.0,14.0,-2.0,2.0
2026-08-01,12705,7,Mahbubabad,MABD,Nekonda,NKD,2026-08-01 18:30:00+05:30,2026-08-01 18:54:00+05:30,2026-08-01 18:46:36+05:30,2026-08-01 19:03:09+05:30,24.0,16.55,-7.449999999999999,19.0,11.0,-8.0,8.0
2026-08-01,12705,8,Nekonda,NKD,Warangal,WL,2026-08-01 18:55:00+05:30,2026-08-01 19:28:00+05:30,2026-08-01 19:13:01+05:30,2026-08-01 19:36:39+05:30,33.0,23.633333333333333,-9.366666666666667,18.0,9.0,-9.0,9.0
2026-08-01,12705,9,Warangal,WL,Kazipet Jn,KZJ,2026-08-01 19:30:00+05:30,2026-08-01 19:48:00+05:30,2026-08-01 19:45:14+05:30,2026-08-01 19:59:10+05:30,18.0,13.933333333333334,-4.066666666666666,14.0,10.0,-4.0,4.0
2026-08-01,12705,10,Kazipet Jn,KZJ,Ghanpur,GNP,2026-08-01 19:50:00+05:30,2026-08-01 20:19:00+05:30,2026-08-01 20:04:19+05:30,2026-08-01 20:24:39+05:30,29.0,20.333333333333332,-8.666666666666668,16.0,5.0,-11.0,11.0
2026-08-01,12705,11,Ghanpur,GNP,Jangaon,ZN,2026-08-01 20:20:00+05:30,2026-08-01 20:39:00+05:30,2026-08-01 20:31:12+05:30,2026-08-01 20:51:53+05:30,19.0,20.683333333333334,1.6833333333333336,9.0,13.0,4.0,0.0
2026-08-01,12705,12,Jangaon,ZN,Aler,ALER,2026-08-01 20:40:00+05:30,2026-08-01 20:54:00+05:30,2026-08-01 20:59:15+05:30,2026-08-01 21:09:25+05:30,14.0,10.166666666666666,-3.833333333333334,17.0,13.0,-4.0,4.0
2026-08-01,12705,13,Aler,ALER,Bhongir,BG,2026-08-01 20:55:00+05:30,2026-08-01 21:14:00+05:30,2026-08-01 21:11:16+05:30,2026-08-01 21:31:41+05:30,19.0,20.416666666666668,1.4166666666666679,18.0,19.0,1.0,0.0
2026-08-01,12705,14,Bhongir,BG,Charlapalli,CHZ,2026-08-01 21:15:00+05:30,2026-08-01 21:44:00+05:30,2026-08-01 21:38:39+05:30,2026-08-01 22:00:51+05:30,29.0,22.2,-6.800000000000001,22.0,18.0,-4.0,4.0
2026-08-01,12705,15,Charlapalli,CHZ,Secunderabad Jn,SC,2026-08-01 21:45:00+05:30,2026-08-01 22:28:00+05:30,2026-08-01 22:11:17+05:30,2026-08-01 22:37:47+05:30,43.0,26.5,-16.5,25.0,9.0,-16.0,16.0
2026-08-02,12705,1,Guntur Jn,GNT,Mangalagiri,MAG,2026-08-02 15:35:00+05:30,2026-08-02 15:56:00+05:30,2026-08-02 15:42:17+05:30,2026-08-02 15:59:27+05:30,21.0,17.166666666666668,-3.833333333333332,6.0,1.0,-5.0,5.0
2026-08-02,12705,2,Mangalagiri,MAG,Vijayawada Jn,BZA,2026-08-02 15:57:00+05:30,2026-08-02 16:20:00+05:30,2026-08-02 16:04:25+05:30,2026-08-02 16:29:52+05:30,23.0,25.45,2.4499999999999993,8.0,7.0,-1.0,1.0
2026-08-02,12705,3,Vijayawada Jn,BZA,Madhira,MDR,2026-08-02 16:25:00+05:30,2026-08-02 17:14:00+05:30,,2026-08-02 17:18:50+05:30,49.0,,,,7.0,,
2026-08-02,12705,4,Madhira,MDR,Khammam,KMT,2026-08-02 17:15:00+05:30,2026-08-02 17:49:00+05:30,2026-08-02 17:27:19+05:30,2026-08-02 18:15:32+05:30,34.0,48.21666666666667,14.216666666666669,13.0,26.0,13.0,0.0
2026-08-02,12705,5,Khammam,KMT,Dornakal Jn,DKJ,2026-08-02 17:50:00+05:30,2026-08-02 18:09:00+05:30,2026-08-02 18:23:32+05:30,2026-08-02 18:41:10+05:30,19.0,17.633333333333333,-1.3666666666666671,33.0,32.0,-1.0,1.0
2026-08-02,12705,6,Dornakal Jn,DKJ,Mahbubabad,MABD,2026-08-02 18:10:00+05:30,2026-08-02 18:29:00+05:30,2026-08-02 18:45:40+05:30,2026-08-02 19:04:49+05:30,19.0,19.15,0.14999999999999858,38.0,35.0,-3.0,3.0
2026-08-02,12705,7,Mahbubabad,MABD,Nekonda,NKD,2026-08-02 18:30:00+05:30,2026-08-02 18:54:00+05:30,2026-08-02 19:12:19+05:30,2026-08-02 19:37:56+05:30,24.0,25.616666666666667,1.6166666666666671,41.0,43.0,2.0,0.0
2026-08-02,12705,8,Nekonda,NKD,Warangal,WL,2026-08-02 18:55:00+05:30,2026-08-02 19:28:00+05:30,2026-08-02 19:42:09+05:30,2026-08-02 20:09:50+05:30,33.0,27.683333333333334,-5.316666666666666,49.0,41.0,-8.0,8.0
2026-08-02,12705,9,Warangal,WL,Kazipet Jn,KZJ,2026-08-02 19:30:00+05:30,2026-08-02 19:48:00+05:30,2026-08-02 20:14:05+05:30,2026-08-02 20:28:25+05:30,18.0,14.333333333333334,-3.666666666666666,44.0,38.0,-6.0,6.0
2026-08-02,12705,10,Kazipet Jn,KZJ,Ghanpur,GNP,2026-08-02 19:50:00+05:30,2026-08-02 20:19:00+05:30,2026-08-02 20:34:30+05:30,2026-08-02 20:46:02+05:30,29.0,11.533333333333333,-17.46666666666667,44.0,29.0,-15.0,15.0
2026-08-02,12705,11,Ghanpur,GNP,Jangaon,ZN,2026-08-02 20:20:00+05:30,2026-08-02 20:39:00+05:30,2026-08-02 20:51:02+05:30,2026-08-02 21:17:21+05:30,19.0,26.316666666666666,7.316666666666666,32.0,37.0,5.0,0.0
2026-08-02,12705,12,Jangaon,ZN,Aler,ALER,2026-08-02 20:40:00+05:30,2026-08-02 20:54:00+05:30,2026-08-02 21:21:39+05:30,2026-08-02 21:34:07+05:30,14.0,12.466666666666667,-1.5333333333333332,43.0,38.0,-5.0,5.0
2026-08-02,12705,13,Aler,ALER,Bhongir,BG,2026-08-02 20:55:00+05:30,2026-08-02 21:14:00+05:30,2026-08-02 21:36:43+05:30,2026-08-02 21:58:57+05:30,19.0,22.233333333333334,3.2333333333333343,43.0,47.0,4.0,0.0
2026-08-02,12705,14,Bhongir,BG,Charlapalli,CHZ,2026-08-02 21:15:00+05:30,2026-08-02 21:44:00+05:30,2026-08-02 22:02:17+05:30,2026-08-02 22:31:39+05:30,29.0,29.366666666666667,0.36666666666666714,49.0,49.0,0.0,0.0
2026-08-02,12705,15,Charlapalli,CHZ,Secunderabad Jn,SC,2026-08-02 21:45:00+05:30,2026-08-02 22:28:00+05:30,2026-08-02 22:38:21+05:30,2026-08-02 22:59:18+05:30,43.0,20.95,-22.05,52.0,32.0,-20.0,20.0
2026-08-03,12705,1,Guntur Jn,GNT,Mangalagiri,MAG,2026-08-03 15:35:00+05:30,2026-08-03 15:56:00+05:30,,2026-08-03 15:59:44+05:30,21.0,,,,3.0,,
2026-08-03,12705,2,Mangalagiri,MAG,Vijayawada Jn,BZA,2026-08-03 15:57:00+05:30,2026-08-03 16:20:00+05:30,2026-08-03 16:04:43+05:30,2026-08-03 16:25:04+05:30,23.0,20.35,-2.6499999999999986,8.0,4.0,-4.0,4.0
2026-08-03,12705,3,Vijayawada Jn,BZA,Madhira,MDR,2026-08-03 16:25:00+05:30,2026-08-03 17:14:00+05:30,,2026-08-03 17:22:19+05:30,49.0,,,,7.0,,
2026-08-03,12705,4,Madhira,MDR,Khammam,KMT,2026-08-03 17:15:00+05:30,2026-08-03 17:49:00+05:30,2026-08-03 17:28:19+05:30,2026-08-03 17:58:44+05:30,34.0,30.416666666666668,-3.583333333333332,14.0,12.0,-2.0,2.0
2026-08-03,12705,5,Khammam,KMT,Dornakal Jn,DKJ,2026-08-03 17:50:00+05:30,2026-08-03 18:09:00+05:30,2026-08-03 18:08:09+05:30,2026-08-03 18:25:31+05:30,19.0,17.366666666666667,-1.6333333333333329,17.0,16.0,-1.0,1.0
2026-08-03,12705,6,Dornakal Jn,DKJ,Mahbubabad,MABD,2026-08-03 18:10:00+05:30,2026-08-03 18:29:00+05:30,2026-08-03 18:35:07+05:30,2026-08-03 18:51:40+05:30,19.0,16.55,-2.4499999999999993,23.0,22.0,-1.0,1.0
2026-08-03,12705,7,Mahbubabad,MABD,Nekonda,NKD,2026-08-03 18:30:00+05:30,2026-08-03 18:54:00+05:30,2026-08-03 18:53:57+05:30,2026-08-03 19:13:17+05:30,24.0,19.333333333333332,-4.666666666666668,26.0,18.0,-8.0,8.0
2026-08-03,12705,8,Nekonda,NKD,Warangal,WL,2026-08-03 18:55:00+05:30,2026-08-03 19:28:00+05:30,2026-08-03 19:23:16+05:30,2026-08-03 19:44:16+05:30,33.0,21.0,-12.0,26.0,16.0,-10.0,10.0
2026-08-03,12705,9,Warangal,WL,Kazipet Jn,KZJ,2026-08-03 19:30:00+05:30,2026-08-03 19:48:00+05:30,2026-08-03 19:50:00+05:30,2026-08-03 20:01:55+05:30,18.0,11.916666666666666,-6.083333333333334,20.0,16.0,-4.0,4.0
2026-08-03,12705,10,Kazipet Jn,KZJ,Ghanpur,GNP,2026-08-03 19:50:00+05:30,2026-08-03 20:19:00+05:30,2026-08-03 20:11:02+05:30,2026-08-03 20:36:07+05:30,29.0,25.083333333333332,-3.916666666666668,22.0,15.0,-7.0,7.0
2026-08-03,12705,11,Ghanpur,GNP,Jangaon,ZN,2026-08-03 20:20:00+05:30,2026-08-03 20:39:00+05:30,2026-08-03 20:40:12+05:30,2026-08-03 21:01:59+05:30,19.0,21.783333333333335,2.783333333333335,19.0,23.0,4.0,0.0
2026-08-03,12705,12,Jangaon,ZN,Aler,ALER,2026-08-03 20:40:00+05:30,2026-08-03 20:54:00+05:30,2026-08-03 21:06:07+05:30,2026-08-03 21:20:59+05:30,14.0,14.866666666666667,0.8666666666666671,28.0,28.0,0.0,0.0
2026-08-03,12705,13,Aler,ALER,Bhongir,BG,2026-08-03 20:55:00+05:30,2026-08-03 21:14:00+05:30,2026-08-03 21:25:20+05:30,2026-08-03 21:48:50+05:30,19.0,23.5,4.5,31.0,36.0,5.0,0.0
2026-08-03,12705,14,Bhongir,BG,Charlapalli,CHZ,2026-08-03 21:15:00+05:30,2026-08-03 21:44:00+05:30,2026-08-03 21:55:12+05:30,2026-08-03 22:19:23+05:30,29.0,24.183333333333334,-4.816666666666666,40.0,35.0,-5.0,5.0
2026-08-03,12705,15,Charlapalli,CHZ,Secunderabad Jn,SC,2026-08-03 21:45:00+05:30,2026-08-03 22:28:00+05:30,2026-08-03 22:24:59+05:30,2026-08-03 22:42:55+05:30,43.0,17.933333333333334,-25.066666666666666,40.0,16.0,-24.0,24.0
2026-08-04,12705,1,Guntur Jn,GNT,Mangalagiri,MAG,2026-08-04 15:35:00+05:30,2026-08-04 15:56:00+05:30,2026-08-04 15:56:34+05:30,2026-08-04 16:13:55+05:30,21.0,17.35,-3.6499999999999986,23.0,17.0,-6.0,6.0
2026-08-04,12705,2,Mangalagiri,MAG,Vijayawada Jn,BZA,2026-08-04 15:57:00+05:30,2026-08-04 16:20:00+05:30,2026-08-04 16:16:23+05:30,2026-08-04 16:39:48+05:30,23.0,23.416666666666668,0.41666666666666785,21.0,17.0,-4.0,4.0
2026-08-04,12705,3,Vijayawada Jn,BZA,Madhira,MDR,2026-08-04 16:25:00+05:30,2026-08-04 17:14:00+05:30,,2026-08-04 17:31:30+05:30,49.0,,,,19.0,,
2026-08-04,12705,4,Madhira,MDR,Khammam,KMT,2026-08-04 17:15:00+05:30,2026-08-04 17:49:00+05:30,2026-08-04 17:36:50+05:30,2026-08-04 18:07:14+05:30,34.0,30.4,-3.6000000000000014,24.0,17.0,-7.0,7.0
2026-08-04,12705,5,Khammam,KMT,Dornakal Jn,DKJ,2026-08-04 17:50:00+05:30,2026-08-04 18:09:00+05:30,2026-08-04 18:17:01+05:30,2026-08-04 18:30:27+05:30,19.0,13.433333333333334,-5.566666666666666,26.0,22.0,-4.0,4.0
2026-08-04,12705,6,Dornakal Jn,DKJ,Mahbubabad,MABD,2026-08-04 18:10:00+05:30,2026-08-04 18:29:00+05:30,2026-08-04 18:41:55+05:30,2026-08-04 18:56:14+05:30,19.0,14.316666666666666,-4.683333333333334,30.0,29.0,-1.0,1.0
2026-08-04,12705,7,Mahbubabad,MABD,Nekonda,NKD,2026-08-04 18:30:00+05:30,2026-08-04 18:54:00+05:30,2026-08-04 19:01:38+05:30,2026-08-04 19:27:26+05:30,24.0,25.8,1.8000000000000007,33.0,31.0,-2.0,2.0
2026-08-04,12705,8,Nekonda,NKD,Warangal,WL,2026-08-04 18:55:00+05:30,2026-08-04 19:28:00+05:30,2026-08-04 19:28:23+05:30,2026-08-04 19:53:11+05:30,33.0,24.8,-8.2,34.0,23.0,-11.0,11.0
2026-08-04,12705,9,Warangal,WL,Kazipet Jn,KZJ,2026-08-04 19:30:00+05:30,2026-08-04 19:48:00+05:30,2026-08-04 20:07:30+05:30,2026-08-04 20:18:21+05:30,18.0,10.85,-7.15,38.0,31.0,-7.0,7.0
2026-08-04,12705,10,Kazipet Jn,KZJ,Ghanpur,GNP,2026-08-04 19:50:00+05:30,2026-08-04 20:19:00+05:30,2026-08-04 20:27:41+05:30,2026-08-04 20:54:14+05:30,29.0,26.55,-2.4499999999999993,39.0,35.0,-4.0,4.0
2026-08-04,12705,11,Ghanpur,GNP,Jangaon,ZN,2026-08-04 20:20:00+05:30,2026-08-04 20:39:00+05:30,2026-08-04 20:58:18+05:30,2026-08-04 21:26:37+05:30,19.0,28.316666666666666,9.316666666666666,39.0,48.0,9.0,0.0
2026-08-04,12705,12,Jangaon,ZN,Aler,ALER,2026-08-04 20:40:00+05:30,2026-08-04 20:54:00+05:30,2026-08-04 21:30:35+05:30,2026-08-04 21:43:03+05:30,14.0,12.466666666666667,-1.5333333333333332,51.0,48.0,-3.0,3.0
2026-08-04,12705,13,Aler,ALER,Bhongir,BG,2026-08-04 20:55:00+05:30,2026-08-04 21:14:00+05:30,2026-08-04 21:45:26+05:30,2026-08-04 22:24:42+05:30,19.0,39.266666666666666,20.266666666666666,52.0,69.0,17.0,0.0
2026-08-04,12705,14,Bhongir,BG,Charlapalli,CHZ,2026-08-04 21:15:00+05:30,2026-08-04 21:44:00+05:30,2026-08-04 22:28:38+05:30,2026-08-04 23:13:50+05:30,29.0,45.2,16.200000000000003,73.0,91.0,18.0,0.0
2026-08-04,12705,15,Charlapalli,CHZ,Secunderabad Jn,SC,2026-08-04 21:45:00+05:30,2026-08-04 22:28:00+05:30,2026-08-04 23:24:23+05:30,2026-08-04 23:44:59+05:30,43.0,20.6,-22.4,97.0,78.0,-19.0,19.0
2026-08-20,12705,1,Guntur Jn,GNT,Mangalagiri,MAG,2026-08-20 15:35:00+05:30,2026-08-20 15:56:00+05:30,2026-08-20 15:43:38+05:30,2026-08-20 15:59:40+05:30,21.0,16.033333333333335,-4.966666666666665,8.0,3.0,-5.0,5.0
2026-08-20,12705,2,Mangalagiri,MAG,Vijayawada Jn,BZA,2026-08-20 15:57:00+05:30,2026-08-20 16:20:00+05:30,2026-08-20 16:05:13+05:30,2026-08-20 16:27:45+05:30,23.0,22.533333333333335,-0.466666666666665,9.0,6.0,-3.0,3.0
2026-08-20,12705,3,Vijayawada Jn,BZA,Madhira,MDR,2026-08-20 16:25:00+05:30,2026-08-20 17:14:00+05:30,,2026-08-20 17:32:43+05:30,49.0,,,,17.0,,
2026-08-20,12705,4,Madhira,MDR,Khammam,KMT,2026-08-20 17:15:00+05:30,2026-08-20 17:49:00+05:30,2026-08-20 17:39:03+05:30,2026-08-20 18:14:48+05:30,34.0,35.75,1.75,23.0,25.0,2.0,0.0
2026-08-20,12705,5,Khammam,KMT,Dornakal Jn,DKJ,2026-08-20 17:50:00+05:30,2026-08-20 18:09:00+05:30,2026-08-20 18:18:58+05:30,2026-08-20 18:36:47+05:30,19.0,17.816666666666666,-1.1833333333333336,30.0,29.0,-1.0,1.0
2026-08-20,12705,6,Dornakal Jn,DKJ,Mahbubabad,MABD,2026-08-20 18:10:00+05:30,2026-08-20 18:29:00+05:30,2026-08-20 18:45:07+05:30,2026-08-20 19:03:11+05:30,19.0,18.066666666666666,-0.9333333333333336,36.0,36.0,0.0,0.0
2026-08-20,12705,7,Mahbubabad,MABD,Nekonda,NKD,2026-08-20 18:30:00+05:30,2026-08-20 18:54:00+05:30,2026-08-20 19:09:06+05:30,2026-08-20 19:31:29+05:30,24.0,22.383333333333333,-1.6166666666666671,41.0,39.0,-2.0,2.0
2026-08-20,12705,8,Nekonda,NKD,Warangal,WL,2026-08-20 18:55:00+05:30,2026-08-20 19:28:00+05:30,2026-08-20 19:39:16+05:30,2026-08-20 19:59:41+05:30,33.0,20.416666666666668,-12.583333333333332,46.0,33.0,-13.0,13.0
2026-08-20,12705,9,Warangal,WL,Kazipet Jn,KZJ,2026-08-20 19:30:00+05:30,2026-08-20 19:48:00+05:30,2026-08-20 20:09:21+05:30,2026-08-20 20:24:17+05:30,18.0,14.933333333333334,-3.0666666666666664,38.0,37.0,-1.0,1.0
2026-08-20,12705,10,Kazipet Jn,KZJ,Ghanpur,GNP,2026-08-20 19:50:00+05:30,2026-08-20 20:19:00+05:30,2026-08-20 20:36:17+05:30,2026-08-20 20:48:43+05:30,29.0,12.433333333333334,-16.566666666666666,45.0,31.0,-14.0,14.0
2026-08-20,12705,11,Ghanpur,GNP,Jangaon,ZN,2026-08-20 20:20:00+05:30,2026-08-20 20:39:00+05:30,2026-08-20 20:52:47+05:30,2026-08-20 21:13:41+05:30,19.0,20.9,1.8999999999999986,35.0,36.0,1.0,0.0
2026-08-20,12705,12,Jangaon,ZN,Aler,ALER,2026-08-20 20:40:00+05:30,2026-08-20 20:54:00+05:30,2026-08-20 21:21:15+05:30,2026-08-20 21:29:45+05:30,14.0,8.5,-5.5,40.0,37.0,-3.0,3.0
2026-08-20,12705,13,Aler,ALER,Bhongir,BG,2026-08-20 20:55:00+05:30,2026-08-20 21:14:00+05:30,2026-08-20 21:38:39+05:30,2026-08-20 21:59:25+05:30,19.0,20.766666666666666,1.7666666666666657,42.0,45.0,3.0,0.0
2026-08-20,12705,14,Bhongir,BG,Charlapalli,CHZ,2026-08-20 21:15:00+05:30,2026-08-20 21:44:00+05:30,2026-08-20 22:04:39+05:30,2026-08-20 22:40:25+05:30,29.0,35.766666666666666,6.766666666666666,51.0,58.0,7.0,0.0
2026-08-20,12705,15,Charlapalli,CHZ,Secunderabad Jn,SC,2026-08-20 21:45:00+05:30,2026-08-20 22:28:00+05:30,2026-08-20 22:46:31+05:30,2026-08-20 22:49:00+05:30,43.0,2.4833333333333334,-40.516666666666666,64.0,21.0,-43.0,43.0
2026-08-21,12705,1,Guntur Jn,GNT,Mangalagiri,MAG,2026-08-21 15:35:00+05:30,2026-08-21 15:56:00+05:30,2026-08-21 15:35:00+05:30,2026-08-21 15:58:00+05:30,21.0,23.0,2.0,0.0,2.0,2.0,0.0
2026-08-21,12705,2,Mangalagiri,MAG,Vijayawada Jn,BZA,2026-08-21 15:57:00+05:30,2026-08-21 16:20:00+05:30,2026-08-21 15:59:00+05:30,2026-08-21 16:36:00+05:30,23.0,37.0,14.0,2.0,16.0,14.0,0.0
2026-08-21,12705,3,Vijayawada Jn,BZA,Madhira,MDR,2026-08-21 16:25:00+05:30,2026-08-21 17:14:00+05:30,2026-08-21 16:44:00+05:30,2026-08-21 17:35:00+05:30,49.0,51.0,2.0,19.0,21.0,2.0,0.0
2026-08-21,12705,4,Madhira,MDR,Khammam,KMT,2026-08-21 17:15:00+05:30,2026-08-21 17:49:00+05:30,2026-08-21 17:37:00+05:30,2026-08-21 18:13:00+05:30,34.0,36.0,2.0,22.0,24.0,2.0,0.0
2026-08-21,12705,5,Khammam,KMT,Dornakal Jn,DKJ,2026-08-21 17:50:00+05:30,2026-08-21 18:09:00+05:30,2026-08-21 18:16:00+05:30,2026-08-21 18:38:00+05:30,19.0,22.0,3.0,26.0,29.0,3.0,0.0
2026-08-21,12705,6,Dornakal Jn,DKJ,Mahbubabad,MABD,2026-08-21 18:10:00+05:30,2026-08-21 18:29:00+05:30,2026-08-21 18:40:00+05:30,2026-08-21 18:58:00+05:30,19.0,18.0,-1.0,30.0,29.0,-1.0,1.0
2026-08-21,12705,7,Mahbubabad,MABD,Nekonda,NKD,2026-08-21 18:30:00+05:30,2026-08-21 18:54:00+05:30,2026-08-21 19:00:00+05:30,2026-08-21 19:23:00+05:30,24.0,23.0,-1.0,30.0,29.0,-1.0,1.0
2026-08-21,12705,8,Nekonda,NKD,Warangal,WL,2026-08-21 18:55:00+05:30,2026-08-21 19:28:00+05:30,2026-08-21 19:24:00+05:30,2026-08-21 19:48:00+05:30,33.0,24.0,-9.0,29.0,20.0,-9.0,9.0
2026-08-21,12705,9,Warangal,WL,Kazipet Jn,KZJ,2026-08-21 19:30:00+05:30,2026-08-21 19:48:00+05:30,2026-08-21 19:51:00+05:30,2026-08-21 20:07:00+05:30,18.0,16.0,-2.0,21.0,19.0,-2.0,2.0
2026-08-21,12705,10,Kazipet Jn,KZJ,Ghanpur,GNP,2026-08-21 19:50:00+05:30,2026-08-21 20:19:00+05:30,2026-08-21 20:12:00+05:30,2026-08-21 20:29:00+05:30,29.0,17.0,-12.0,22.0,10.0,-12.0,12.0
2026-08-21,12705,11,Ghanpur,GNP,Jangaon,ZN,2026-08-21 20:20:00+05:30,2026-08-21 20:39:00+05:30,2026-08-21 20:30:00+05:30,2026-08-21 20:58:00+05:30,19.0,28.0,9.0,10.0,19.0,9.0,0.0
2026-08-21,12705,12,Jangaon,ZN,Aler,ALER,2026-08-21 20:40:00+05:30,2026-08-21 20:54:00+05:30,2026-08-21 21:00:00+05:30,2026-08-21 21:19:00+05:30,14.0,19.0,5.0,20.0,25.0,5.0,0.0
2026-08-21,12705,13,Aler,ALER,Bhongir,BG,2026-08-21 20:55:00+05:30,2026-08-21 21:14:00+05:30,2026-08-21 21:20:00+05:30,2026-08-21 21:46:00+05:30,19.0,26.0,7.0,25.0,32.0,7.0,0.0
2026-08-21,12705,14,Bhongir,BG,Charlapalli,CHZ,2026-08-21 21:15:00+05:30,2026-08-21 21:44:00+05:30,2026-08-21 21:47:00+05:30,,29.0,,,32.0,,,
2026-08-21,12705,15,Charlapalli,CHZ,Secunderabad Jn,SC,2026-08-21 21:45:00+05:30,2026-08-21 22:28:00+05:30,,2026-08-21 22:27:00+05:30,43.0,,,,-1.0,,
2026-08-22,12705,1,Guntur Jn,GNT,Mangalagiri,MAG,2026-08-22 15:35:00+05:30,2026-08-22 15:56:00+05:30,2026-08-22 15:42:00+05:30,2026-08-22 16:04:00+05:30,21.0,22.0,1.0,7.0,8.0,1.0,0.0
2026-08-22,12705,2,Mangalagiri,MAG,Vijayawada Jn,BZA,2026-08-22 15:57:00+05:30,2026-08-22 16:20:00+05:30,2026-08-22 16:05:00+05:30,2026-08-22 16:30:00+05:30,23.0,25.0,2.0,8.0,10.0,2.0,0.0
2026-08-22,12705,3,Vijayawada Jn,BZA,Madhira,MDR,2026-08-22 16:25:00+05:30,2026-08-22 17:14:00+05:30,2026-08-22 16:35:00+05:30,2026-08-22 17:24:00+05:30,49.0,49.0,0.0,10.0,10.0,0.0,0.0
2026-08-22,12705,4,Madhira,MDR,Khammam,KMT,2026-08-22 17:15:00+05:30,2026-08-22 17:49:00+05:30,2026-08-22 17:26:00+05:30,2026-08-22 18:11:00+05:30,34.0,45.0,11.0,11.0,22.0,11.0,0.0
2026-08-22,12705,5,Khammam,KMT,Dornakal Jn,DKJ,2026-08-22 17:50:00+05:30,2026-08-22 18:09:00+05:30,2026-08-22 18:13:00+05:30,2026-08-22 18:33:00+05:30,19.0,20.0,1.0,23.0,24.0,1.0,0.0
2026-08-22,12705,6,Dornakal Jn,DKJ,Mahbubabad,MABD,2026-08-22 18:10:00+05:30,2026-08-22 18:29:00+05:30,2026-08-22 18:34:00+05:30,2026-08-22 18:55:00+05:30,19.0,21.0,2.0,24.0,26.0,2.0,0.0
2026-08-22,12705,7,Mahbubabad,MABD,Nekonda,NKD,2026-08-22 18:30:00+05:30,2026-08-22 18:54:00+05:30,2026-08-22 18:57:00+05:30,2026-08-22 19:18:00+05:30,24.0,21.0,-3.0,27.0,24.0,-3.0,3.0
2026-08-22,12705,8,Nekonda,NKD,Warangal,WL,2026-08-22 18:55:00+05:30,2026-08-22 19:28:00+05:30,2026-08-22 19:19:00+05:30,2026-08-22 19:41:00+05:30,33.0,22.0,-11.0,24.0,13.0,-11.0,11.0
2026-08-22,12705,9,Warangal,WL,Kazipet Jn,KZJ,2026-08-22 19:30:00+05:30,2026-08-22 19:48:00+05:30,2026-08-22 19:44:00+05:30,2026-08-22 19:59:00+05:30,18.0,15.0,-3.0,14.0,11.0,-3.0,3.0
2026-08-22,12705,10,Kazipet Jn,KZJ,Ghanpur,GNP,2026-08-22 19:50:00+05:30,2026-08-22 20:19:00+05:30,2026-08-22 20:01:00+05:30,2026-08-22 20:18:00+05:30,29.0,17.0,-12.0,11.0,-1.0,-12.0,12.0
2026-08-22,12705,11,Ghanpur,GNP,Jangaon,ZN,2026-08-22 20:20:00+05:30,2026-08-22 20:39:00+05:30,2026-08-22 20:20:00+05:30,2026-08-22 20:42:00+05:30,19.0,22.0,3.0,0.0,3.0,3.0,0.0
2026-08-22,12705,12,Jangaon,ZN,Aler,ALER,2026-08-22 20:40:00+05:30,2026-08-22 20:54:00+05:30,2026-08-22 20:44:00+05:30,2026-08-22 20:57:00+05:30,14.0,13.0,-1.0,4.0,3.0,-1.0,1.0
2026-08-22,12705,13,Aler,ALER,Bhongir,BG,2026-08-22 20:55:00+05:30,2026-08-22 21:14:00+05:30,2026-08-22 20:58:00+05:30,2026-08-22 21:21:00+05:30,19.0,23.0,4.0,3.0,7.0,4.0,0.0
2026-08-22,12705,14,Bhongir,BG,Charlapalli,CHZ,2026-08-22 21:15:00+05:30,2026-08-22 21:44:00+05:30,2026-08-22 21:23:00+05:30,2026-08-22 21:50:00+05:30,29.0,27.0,-2.0,8.0,6.0,-2.0,2.0
2026-08-22,12705,15,Charlapalli,CHZ,Secunderabad Jn,SC,2026-08-22 21:45:00+05:30,2026-08-22 22:28:00+05:30,2026-08-22 21:52:00+05:30,2026-08-22 22:26:00+05:30,43.0,34.0,-9.0,7.0,-2.0,-9.0,9.0
2026-08-23,12705,1,Guntur Jn,GNT,Mangalagiri,MAG,2026-08-23 15:35:00+05:30,2026-08-23 15:56:00+05:30,2026-08-23 15:36:00+05:30,2026-08-23 15:59:00+05:30,21.0,23.0,2.0,1.0,3.0,2.0,0.0
2026-08-23,12705,2,Mangalagiri,MAG,Vijayawada Jn,BZA,2026-08-23 15:57:00+05:30,2026-08-23 16:20:00+05:30,2026-08-23 16:01:00+05:30,2026-08-23 16:26:00+05:30,23.0,25.0,2.0,4.0,6.0,2.0,0.0
2026-08-23,12705,3,Vijayawada Jn,BZA,Madhira,MDR,2026-08-23 16:25:00+05:30,2026-08-23 17:14:00+05:30,2026-08-23 16:33:00+05:30,2026-08-23 17:22:00+05:30,49.0,49.0,0.0,8.0,8.0,0.0,0.0
2026-08-23,12705,4,Madhira,MDR,Khammam,KMT,2026-08-23 17:15:00+05:30,2026-08-23 17:49:00+05:30,2026-08-23 17:24:00+05:30,2026-08-23 17:59:00+05:30,34.0,35.0,1.0,9.0,10.0,1.0,0.0
2026-08-23,12705,5,Khammam,KMT,Dornakal Jn,DKJ,2026-08-23 17:50:00+05:30,2026-08-23 18:09:00+05:30,2026-08-23 18:01:00+05:30,2026-08-23 18:21:00+05:30,19.0,20.0,1.0,11.0,12.0,1.0,0.0
2026-08-23,12705,6,Dornakal Jn,DKJ,Mahbubabad,MABD,2026-08-23 18:10:00+05:30,2026-08-23 18:29:00+05:30,2026-08-23 18:23:00+05:30,2026-08-23 18:41:00+05:30,19.0,18.0,-1.0,13.0,12.0,-1.0,1.0
2026-08-23,12705,7,Mahbubabad,MABD,Nekonda,NKD,2026-08-23 18:30:00+05:30,2026-08-23 18:54:00+05:30,2026-08-23 18:44:00+05:30,2026-08-23 19:08:00+05:30,24.0,24.0,0.0,14.0,14.0,0.0,0.0
2026-08-23,12705,8,Nekonda,NKD,Warangal,WL,2026-08-23 18:55:00+05:30,2026-08-23 19:28:00+05:30,2026-08-23 19:10:00+05:30,2026-08-23 19:35:00+05:30,33.0,25.0,-8.0,15.0,7.0,-8.0,8.0
2026-08-23,12705,9,Warangal,WL,Kazipet Jn,KZJ,2026-08-23 19:30:00+05:30,2026-08-23 19:48:00+05:30,2026-08-23 19:38:00+05:30,2026-08-23 19:55:00+05:30,18.0,17.0,-1.0,8.0,7.0,-1.0,1.0
2026-08-23,12705,10,Kazipet Jn,KZJ,Ghanpur,GNP,2026-08-23 19:50:00+05:30,2026-08-23 20:19:00+05:30,2026-08-23 19:57:00+05:30,2026-08-23 20:14:00+05:30,29.0,17.0,-12.0,7.0,-5.0,-12.0,12.0
2026-08-23,12705,11,Ghanpur,GNP,Jangaon,ZN,2026-08-23 20:20:00+05:30,2026-08-23 20:39:00+05:30,2026-08-23 20:20:00+05:30,2026-08-23 20:47:00+05:30,19.0,27.0,8.0,0.0,8.0,8.0,0.0
2026-08-23,12705,12,Jangaon,ZN,Aler,ALER,2026-08-23 20:40:00+05:30,2026-08-23 20:54:00+05:30,2026-08-23 20:48:00+05:30,2026-08-23 21:02:00+05:30,14.0,14.0,0.0,8.0,8.0,0.0,0.0
2026-08-23,12705,13,Aler,ALER,Bhongir,BG,2026-08-23 20:55:00+05:30,2026-08-23 21:14:00+05:30,2026-08-23 21:03:00+05:30,2026-08-23 21:30:00+05:30,19.0,27.0,8.0,8.0,16.0,8.0,0.0
2026-08-23,12705,14,Bhongir,BG,Charlapalli,CHZ,2026-08-23 21:15:00+05:30,2026-08-23 21:44:00+05:30,2026-08-23 21:31:00+05:30,2026-08-23 22:12:00+05:30,29.0,41.0,12.0,16.0,28.0,12.0,0.0
2026-08-23,12705,15,Charlapalli,CHZ,Secunderabad Jn,SC,2026-08-23 21:45:00+05:30,2026-08-23 22:28:00+05:30,2026-08-23 22:14:00+05:30,2026-08-23 22:36:00+05:30,43.0,22.0,-21.0,29.0,8.0,-21.0,21.0
2026-08-24,12705,1,Guntur Jn,GNT,Mangalagiri,MAG,2026-08-24 15:35:00+05:30,2026-08-24 15:56:00+05:30,2026-08-24 15:35:00+05:30,2026-08-24 15:58:00+05:30,21.0,23.0,2.0,0.0,2.0,2.0,0.0
2026-08-24,12705,2,Mangalagiri,MAG,Vijayawada Jn,BZA,2026-08-24 15:57:00+05:30,2026-08-24 16:20:00+05:30,2026-08-24 15:59:00+05:30,2026-08-24 16:25:00+05:30,23.0,26.0,3.0,2.0,5.0,3.0,0.0
2026-08-24,12705,3,Vijayawada Jn,BZA,Madhira,MDR,2026-08-24 16:25:00+05:30,2026-08-24 17:14:00+05:30,2026-08-24 16:34:00+05:30,2026-08-24 17:27:00+05:30,49.0,53.0,4.0,9.0,13.0,4.0,0.0
2026-08-24,12705,4,Madhira,MDR,Khammam,KMT,2026-08-24 17:15:00+05:30,2026-08-24 17:49:00+05:30,2026-08-24 17:29:00+05:30,2026-08-24 18:09:00+05:30,34.0,40.0,6.0,14.0,20.0,6.0,0.0
2026-08-24,12705,5,Khammam,KMT,Dornakal Jn,DKJ,2026-08-24 17:50:00+05:30,2026-08-24 18:09:00+05:30,2026-08-24 18:11:00+05:30,2026-08-24 18:32:00+05:30,19.0,21.0,2.0,21.0,23.0,2.0,0.0
2026-08-24,12705,6,Dornakal Jn,DKJ,Mahbubabad,MABD,2026-08-24 18:10:00+05:30,2026-08-24 18:29:00+05:30,2026-08-24 18:33:00+05:30,2026-08-24 18:52:00+05:30,19.0,19.0,0.0,23.0,23.0,0.0,0.0
2026-08-24,12705,7,Mahbubabad,MABD,Nekonda,NKD,2026-08-24 18:30:00+05:30,2026-08-24 18:54:00+05:30,2026-08-24 18:54:00+05:30,2026-08-24 19:17:00+05:30,24.0,23.0,-1.0,24.0,23.0,-1.0,1.0
2026-08-24,12705,8,Nekonda,NKD,Warangal,WL,2026-08-24 18:55:00+05:30,2026-08-24 19:28:00+05:30,2026-08-24 19:18:00+05:30,2026-08-24 19:41:00+05:30,33.0,23.0,-10.0,23.0,13.0,-10.0,10.0
2026-08-24,12705,9,Warangal,WL,Kazipet Jn,KZJ,2026-08-24 19:30:00+05:30,2026-08-24 19:48:00+05:30,2026-08-24 19:44:00+05:30,2026-08-24 20:00:00+05:30,18.0,16.0,-2.0,14.0,12.0,-2.0,2.0
2026-08-24,12705,10,Kazipet Jn,KZJ,Ghanpur,GNP,2026-08-24 19:50:00+05:30,2026-08-24 20:19:00+05:30,2026-08-24 20:02:00+05:30,2026-08-24 20:19:00+05:30,29.0,17.0,-12.0,12.0,0.0,-12.0,12.0
2026-08-24,12705,11,Ghanpur,GNP,Jangaon,ZN,2026-08-24 20:20:00+05:30,2026-08-24 20:39:00+05:30,2026-08-24 20:21:00+05:30,2026-08-24 20:50:00+05:30,19.0,29.0,10.0,1.0,11.0,10.0,0.0
2026-08-24,12705,12,Jangaon,ZN,Aler,ALER,2026-08-24 20:40:00+05:30,2026-08-24 20:54:00+05:30,2026-08-24 20:51:00+05:30,2026-08-24 21:05:00+05:30,14.0,14.0,0.0,11.0,11.0,0.0,0.0
2026-08-24,12705,13,Aler,ALER,Bhongir,BG,2026-08-24 20:55:00+05:30,2026-08-24 21:14:00+05:30,2026-08-24 21:06:00+05:30,2026-08-24 21:29:00+05:30,19.0,23.0,4.0,11.0,15.0,4.0,0.0
2026-08-24,12705,14,Bhongir,BG,Charlapalli,CHZ,2026-08-24 21:15:00+05:30,2026-08-24 21:44:00+05:30,2026-08-24 21:30:00+05:30,2026-08-24 22:00:00+05:30,29.0,30.0,1.0,15.0,16.0,1.0,0.0
2026-08-24,12705,15,Charlapalli,CHZ,Secunderabad Jn,SC,2026-08-24 21:45:00+05:30,2026-08-24 22:28:00+05:30,2026-08-24 22:03:00+05:30,2026-08-24 22:30:00+05:30,43.0,27.0,-16.0,18.0,2.0,-16.0,16.0
2026-08-25,12705,1,Guntur Jn,GNT,Mangalagiri,MAG,2026-08-25 15:35:00+05:30,2026-08-25 15:56:00+05:30,2026-08-25 15:35:00+05:30,2026-08-25 15:58:00+05:30,21.0,23.0,2.0,0.0,2.0,2.0,0.0
2026-08-25,12705,2,Mangalagiri,MAG,Vijayawada Jn,BZA,2026-08-25 15:57:00+05:30,2026-08-25 16:20:00+05:30,,2026-08-25 16:32:00+05:30,23.0,,,,12.0,,
2026-08-25,12705,3,Vijayawada Jn,BZA,Madhira,MDR,2026-08-25 16:25:00+05:30,2026-08-25 17:14:00+05:30,2026-08-25 16:38:00+05:30,2026-08-25 17:29:00+05:30,49.0,51.0,2.0,13.0,15.0,2.0,0.0
2026-08-25,12705,4,Madhira,MDR,Khammam,KMT,2026-08-25 17:15:00+05:30,2026-08-25 17:49:00+05:30,2026-08-25 17:31:00+05:30,2026-08-25 18:20:00+05:30,34.0,49.0,15.0,16.0,31.0,15.0,0.0
2026-08-25,12705,5,Khammam,KMT,Dornakal Jn,DKJ,2026-08-25 17:50:00+05:30,2026-08-25 18:09:00+05:30,2026-08-25 18:23:00+05:30,2026-08-25 18:48:00+05:30,19.0,25.0,6.0,33.0,39.0,6.0,0.0
2026-08-25,12705,6,Dornakal Jn,DKJ,Mahbubabad,MABD,2026-08-25 18:10:00+05:30,2026-08-25 18:29:00+05:30,2026-08-25 18:51:00+05:30,2026-08-25 19:08:00+05:30,19.0,17.0,-2.0,41.0,39.0,-2.0,2.0
2026-08-25,12705,7,Mahbubabad,MABD,Nekonda,NKD,2026-08-25 18:30:00+05:30,2026-08-25 18:54:00+05:30,2026-08-25 19:10:00+05:30,2026-08-25 19:37:00+05:30,24.0,27.0,3.0,40.0,43.0,3.0,0.0
2026-08-25,12705,8,Nekonda,NKD,Warangal,WL,2026-08-25 18:55:00+05:30,2026-08-25 19:28:00+05:30,2026-08-25 19:39:00+05:30,2026-08-25 20:00:00+05:30,33.0,21.0,-12.0,44.0,32.0,-12.0,12.0
2026-08-25,12705,9,Warangal,WL,Kazipet Jn,KZJ,2026-08-25 19:30:00+05:30,2026-08-25 19:48:00+05:30,2026-08-25 20:06:00+05:30,2026-08-25 20:23:00+05:30,18.0,17.0,-1.0,36.0,35.0,-1.0,1.0
2026-08-25,12705,10,Kazipet Jn,KZJ,Ghanpur,GNP,2026-08-25 19:50:00+05:30,2026-08-25 20:19:00+05:30,2026-08-25 20:25:00+05:30,2026-08-25 20:44:00+05:30,29.0,19.0,-10.0,35.0,25.0,-10.0,10.0
2026-08-25,12705,11,Ghanpur,GNP,Jangaon,ZN,2026-08-25 20:20:00+05:30,2026-08-25 20:39:00+05:30,2026-08-25 20:45:00+05:30,2026-08-25 21:05:00+05:30,19.0,20.0,1.0,25.0,26.0,1.0,0.0
2026-08-25,12705,12,Jangaon,ZN,Aler,ALER,2026-08-25 20:40:00+05:30,2026-08-25 20:54:00+05:30,2026-08-25 21:06:00+05:30,,14.0,,,26.0,,,
2026-08-25,12705,13,Aler,ALER,Bhongir,BG,2026-08-25 20:55:00+05:30,2026-08-25 21:14:00+05:30,,,19.0,,,,,,
2026-08-25,12705,14,Bhongir,BG,Charlapalli,CHZ,2026-08-25 21:15:00+05:30,2026-08-25 21:44:00+05:30,,,29.0,,,,,,
2026-08-25,12705,15,Charlapalli,CHZ,Secunderabad Jn,SC,2026-08-25 21:45:00+05:30,2026-08-25 22:28:00+05:30,2026-08-25 22:11:00+05:30,2026-08-25 22:25:00+05:30,43.0,14.0,-29.0,26.0,-3.0,-29.0,29.0
2026-08-26,12705,1,Guntur Jn,GNT,Mangalagiri,MAG,2026-08-26 15:35:00+05:30,2026-08-26 15:56:00+05:30,2026-08-26 15:45:00+05:30,2026-08-26 16:11:00+05:30,21.0,26.0,5.0,10.0,15.0,5.0,0.0
2026-08-26,12705,2,Mangalagiri,MAG,Vijayawada Jn,BZA,2026-08-26 15:57:00+05:30,2026-08-26 16:20:00+05:30,2026-08-26 16:12:00+05:30,2026-08-26 16:46:00+05:30,23.0,34.0,11.0,15.0,26.0,11.0,0.0
2026-08-26,12705,3,Vijayawada Jn,BZA,Madhira,MDR,2026-08-26 16:25:00+05:30,2026-08-26 17:14:00+05:30,2026-08-26 16:53:00+05:30,2026-08-26 17:39:00+05:30,49.0,46.0,-3.0,28.0,25.0,-3.0,3.0
2026-08-26,12705,4,Madhira,MDR,Khammam,KMT,2026-08-26 17:15:00+05:30,2026-08-26 17:49:00+05:30,2026-08-26 17:40:00+05:30,2026-08-26 18:47:00+05:30,34.0,67.0,33.0,25.0,58.0,33.0,0.0
2026-08-26,12705,5,Khammam,KMT,Dornakal Jn,DKJ,2026-08-26 17:50:00+05:30,2026-08-26 18:09:00+05:30,2026-08-26 18:50:00+05:30,2026-08-26 19:09:00+05:30,19.0,19.0,0.0,60.0,60.0,0.0,0.0
2026-08-26,12705,6,Dornakal Jn,DKJ,Mahbubabad,MABD,2026-08-26 18:10:00+05:30,2026-08-26 18:29:00+05:30,2026-08-26 19:11:00+05:30,2026-08-26 19:29:00+05:30,19.0,18.0,-1.0,61.0,60.0,-1.0,1.0
2026-08-26,12705,7,Mahbubabad,MABD,Nekonda,NKD,2026-08-26 18:30:00+05:30,2026-08-26 18:54:00+05:30,2026-08-26 19:30:00+05:30,2026-08-26 19:52:00+05:30,24.0,22.0,-2.0,60.0,58.0,-2.0,2.0
2026-08-26,12705,8,Nekonda,NKD,Warangal,WL,2026-08-26 18:55:00+05:30,2026-08-26 19:28:00+05:30,2026-08-26 19:54:00+05:30,2026-08-26 20:15:00+05:30,33.0,21.0,-12.0,59.0,47.0,-12.0,12.0
2026-08-26,12705,9,Warangal,WL,Kazipet Jn,KZJ,2026-08-26 19:30:00+05:30,2026-08-26 19:48:00+05:30,2026-08-26 20:20:00+05:30,,18.0,,,50.0,,,
2026-08-26,12705,10,Kazipet Jn,KZJ,Ghanpur,GNP,2026-08-26 19:50:00+05:30,2026-08-26 20:19:00+05:30,2026-08-26 20:38:00+05:30,2026-08-26 20:54:00+05:30,29.0,16.0,-13.0,48.0,35.0,-13.0,13.0
2026-08-26,12705,11,Ghanpur,GNP,Jangaon,ZN,2026-08-26 20:20:00+05:30,2026-08-26 20:39:00+05:30,2026-08-26 20:55:00+05:30,,19.0,,,35.0,,,
2026-08-26,12705,12,Jangaon,ZN,Aler,ALER,2026-08-26 20:40:00+05:30,2026-08-26 20:54:00+05:30,,2026-08-26 21:35:00+05:30,14.0,,,,41.0,,
2026-08-26,12705,13,Aler,ALER,Bhongir,BG,2026-08-26 20:55:00+05:30,2026-08-26 21:14:00+05:30,2026-08-26 21:36:00+05:30,,19.0,,,41.0,,,
2026-08-26,12705,14,Bhongir,BG,Charlapalli,CHZ,2026-08-26 21:15:00+05:30,2026-08-26 21:44:00+05:30,,,29.0,,,,,,
2026-08-26,12705,15,Charlapalli,CHZ,Secunderabad Jn,SC,2026-08-26 21:45:00+05:30,2026-08-26 22:28:00+05:30,,2026-08-26 22:23:00+05:30,43.0,,,,-5.0,,
2026-08-27,12705,1,Guntur Jn,GNT,Mangalagiri,MAG,2026-08-27 15:35:00+05:30,2026-08-27 15:56:00+05:30,2026-08-27 16:44:00+05:30,2026-08-27 17:07:00+05:30,21.0,23.0,2.0,69.0,71.0,2.0,0.0
2026-08-27,12705,2,Mangalagiri,MAG,Vijayawada Jn,BZA,2026-08-27 15:57:00+05:30,2026-08-27 16:20:00+05:30,2026-08-27 17:08:00+05:30,2026-08-27 17:36:00+05:30,23.0,28.0,5.0,71.0,76.0,5.0,0.0
2026-08-27,12705,3,Vijayawada Jn,BZA,Madhira,MDR,2026-08-27 16:25:00+05:30,2026-08-27 17:14:00+05:30,2026-08-27 17:47:00+05:30,2026-08-27 18:33:00+05:30,49.0,46.0,-3.0,82.0,79.0,-3.0,3.0
2026-08-27,12705,4,Madhira,MDR,Khammam,KMT,2026-08-27 17:15:00+05:30,2026-08-27 17:49:00+05:30,2026-08-27 18:35:00+05:30,2026-08-27 19:13:00+05:30,34.0,38.0,4.0,80.0,84.0,4.0,0.0
2026-08-27,12705,5,Khammam,KMT,Dornakal Jn,DKJ,2026-08-27 17:50:00+05:30,2026-08-27 18:09:00+05:30,2026-08-27 19:15:00+05:30,2026-08-27 19:36:00+05:30,19.0,21.0,2.0,85.0,87.0,2.0,0.0
2026-08-27,12705,6,Dornakal Jn,DKJ,Mahbubabad,MABD,2026-08-27 18:10:00+05:30,2026-08-27 18:29:00+05:30,2026-08-27 19:39:00+05:30,2026-08-27 20:00:00+05:30,19.0,21.0,2.0,89.0,91.0,2.0,0.0
2026-08-27,12705,7,Mahbubabad,MABD,Nekonda,NKD,2026-08-27 18:30:00+05:30,2026-08-27 18:54:00+05:30,2026-08-27 20:02:00+05:30,2026-08-27 20:26:00+05:30,24.0,24.0,0.0,92.0,92.0,0.0,0.0
2026-08-27,12705,8,Nekonda,NKD,Warangal,WL,2026-08-27 18:55:00+05:30,2026-08-27 19:28:00+05:30,2026-08-27 20:27:00+05:30,2026-08-27 20:54:00+05:30,33.0,27.0,-6.0,92.0,86.0,-6.0,6.0
2026-08-27,12705,9,Warangal,WL,Kazipet Jn,KZJ,2026-08-27 19:30:00+05:30,2026-08-27 19:48:00+05:30,2026-08-27 20:56:00+05:30,2026-08-27 21:13:00+05:30,18.0,17.0,-1.0,86.0,85.0,-1.0,1.0
2026-08-27,12705,10,Kazipet Jn,KZJ,Ghanpur,GNP,2026-08-27 19:50:00+05:30,2026-08-27 20:19:00+05:30,2026-08-27 21:16:00+05:30,2026-08-27 21:34:00+05:30,29.0,18.0,-11.0,86.0,75.0,-11.0,11.0
2026-08-27,12705,11,Ghanpur,GNP,Jangaon,ZN,2026-08-27 20:20:00+05:30,2026-08-27 20:39:00+05:30,2026-08-27 21:35:00+05:30,2026-08-27 21:58:00+05:30,19.0,23.0,4.0,75.0,79.0,4.0,0.0
2026-08-27,12705,12,Jangaon,ZN,Aler,ALER,2026-08-27 20:40:00+05:30,2026-08-27 20:54:00+05:30,2026-08-27 22:00:00+05:30,2026-08-27 22:17:00+05:30,14.0,17.0,3.0,80.0,83.0,3.0,0.0
2026-08-27,12705,13,Aler,ALER,Bhongir,BG,2026-08-27 20:55:00+05:30,2026-08-27 21:14:00+05:30,2026-08-27 22:27:00+05:30,2026-08-27 22:50:00+05:30,19.0,23.0,4.0,92.0,96.0,4.0,0.0
2026-08-27,12705,14,Bhongir,BG,Charlapalli,CHZ,2026-08-27 21:15:00+05:30,2026-08-27 21:44:00+05:30,2026-08-27 22:52:00+05:30,2026-08-27 23:23:00+05:30,29.0,31.0,2.0,97.0,99.0,2.0,0.0
2026-08-27,12705,15,Charlapalli,CHZ,Secunderabad Jn,SC,2026-08-27 21:45:00+05:30,2026-08-27 22:28:00+05:30,2026-08-27 23:24:00+05:30,2026-08-27 23:51:00+05:30,43.0,27.0,-16.0,99.0,83.0,-16.0,16.0
2026-08-28,12705,1,Guntur Jn,GNT,Mangalagiri,MAG,2026-08-28 15:35:00+05:30,2026-08-28 15:56:00+05:30,2026-08-28 15:41:00+05:30,2026-08-28 16:04:00+05:30,21.0,23.0,2.0,6.0,8.0,2.0,0.0
2026-08-28,12705,2,Mangalagiri,MAG,Vijayawada Jn,BZA,2026-08-28 15:57:00+05:30,2026-08-28 16:20:00+05:30,2026-08-28 16:07:00+05:30,2026-08-28 16:39:00+05:30,23.0,32.0,9.0,10.0,19.0,9.0,0.0
2026-08-28,12705,3,Vijayawada Jn,BZA,Madhira,MDR,2026-08-28 16:25:00+05:30,2026-08-28 17:14:00+05:30,2026-08-28 16:45:00+05:30,2026-08-28 17:36:00+05:30,49.0,51.0,2.0,20.0,22.0,2.0,0.0
2026-08-28,12705,4,Madhira,MDR,Khammam,KMT,2026-08-28 17:15:00+05:30,2026-08-28 17:49:00+05:30,2026-08-28 17:39:00+05:30,2026-08-28 18:18:00+05:30,34.0,39.0,5.0,24.0,29.0,5.0,0.0
2026-08-28,12705,5,Khammam,KMT,Dornakal Jn,DKJ,2026-08-28 17:50:00+05:30,2026-08-28 18:09:00+05:30,2026-08-28 18:20:00+05:30,2026-08-28 18:49:00+05:30,19.0,29.0,10.0,30.0,40.0,10.0,0.0
2026-08-28,12705,6,Dornakal Jn,DKJ,Mahbubabad,MABD,2026-08-28 18:10:00+05:30,2026-08-28 18:29:00+05:30,2026-08-28 18:51:00+05:30,2026-08-28 19:13:00+05:30,19.0,22.0,3.0,41.0,44.0,3.0,0.0
2026-08-28,12705,7,Mahbubabad,MABD,Nekonda,NKD,2026-08-28 18:30:00+05:30,2026-08-28 18:54:00+05:30,2026-08-28 19:16:00+05:30,2026-08-28 19:42:00+05:30,24.0,26.0,2.0,46.0,48.0,2.0,0.0
2026-08-28,12705,8,Nekonda,NKD,Warangal,WL,2026-08-28 18:55:00+05:30,2026-08-28 19:28:00+05:30,2026-08-28 19:44:00+05:30,2026-08-28 20:18:00+05:30,33.0,34.0,1.0,49.0,50.0,1.0,0.0
2026-08-28,12705,9,Warangal,WL,Kazipet Jn,KZJ,2026-08-28 19:30:00+05:30,2026-08-28 19:48:00+05:30,2026-08-28 20:20:00+05:30,2026-08-28 20:37:00+05:30,18.0,17.0,-1.0,50.0,49.0,-1.0,1.0
2026-08-28,12705,10,Kazipet Jn,KZJ,Ghanpur,GNP,2026-08-28 19:50:00+05:30,2026-08-28 20:19:00+05:30,2026-08-28 20:40:00+05:30,2026-08-28 21:00:00+05:30,29.0,20.0,-9.0,50.0,41.0,-9.0,9.0
2026-08-28,12705,11,Ghanpur,GNP,Jangaon,ZN,2026-08-28 20:20:00+05:30,2026-08-28 20:39:00+05:30,2026-08-28 21:02:00+05:30,2026-08-28 21:27:00+05:30,19.0,25.0,6.0,42.0,48.0,6.0,0.0
2026-08-28,12705,12,Jangaon,ZN,Aler,ALER,2026-08-28 20:40:00+05:30,2026-08-28 20:54:00+05:30,2026-08-28 21:29:00+05:30,2026-08-28 21:50:00+05:30,14.0,21.0,7.0,49.0,56.0,7.0,0.0
2026-08-28,12705,13,Aler,ALER,Bhongir,BG,2026-08-28 20:55:00+05:30,2026-08-28 21:14:00+05:30,2026-08-28 21:51:00+05:30,2026-08-28 22:18:00+05:30,19.0,27.0,8.0,56.0,64.0,8.0,0.0
2026-08-28,12705,14,Bhongir,BG,Charlapalli,CHZ,2026-08-28 21:15:00+05:30,2026-08-28 21:44:00+05:30,2026-08-28 22:20:00+05:30,2026-08-28 22:52:00+05:30,29.0,32.0,3.0,65.0,68.0,3.0,0.0
2026-08-28,12705,15,Charlapalli,CHZ,Secunderabad Jn,SC,2026-08-28 21:45:00+05:30,2026-08-28 22:28:00+05:30,2026-08-28 22:54:00+05:30,2026-08-28 23:22:00+05:30,43.0,28.0,-15.0,69.0,54.0,-15.0,15.0
